Land,Naam speler,Positie
Mexico,C. Acevedo,Keeper
Mexico,G. Ochoa,Keeper
Mexico,J. Rangel,Keeper
Mexico,J. Gallardo,Verdediger
Mexico,C. Montes,Verdediger
Mexico,I. Reyes,Verdediger
Mexico,J. Sánchez,Verdediger
Mexico,J. Vásquez,Verdediger
Mexico,E. Álvarez,Middenvelder
Mexico,M. Chávez,Verdediger
Mexico,O. Vargas,Middenvelder
Mexico,L. Chávez,Middenvelder
Mexico,Álvaro Fidalgo,Middenvelder
Mexico,B. Gutiérrez,Middenvelder
Mexico,É. Lira,Middenvelder
Mexico,G. Mora,Middenvelder
Mexico,O. Pineda,Middenvelder
Mexico,L. Romo,Middenvelder
Mexico,R. Alvarado,Middenvelder
Mexico,S. Giménez,Aanvaller
Mexico,A. González,Aanvaller
Mexico,C. Huerta,Middenvelder
Mexico,R. Jiménez,Aanvaller
Mexico,G. Martínez,Aanvaller
Mexico,J. Quiñones,Middenvelder
Mexico,A. Vega,Aanvaller
Zuid-Afrika,S. Chaine,Keeper
Zuid-Afrika,R. Goss,Keeper
Zuid-Afrika,R. Williams,Keeper
Zuid-Afrika,B. Cross,Verdediger
Zuid-Afrika,S. Kabini,Verdediger
Zuid-Afrika,O. Makhanya,Verdediger
Zuid-Afrika,M. Mbokazi,Verdediger
Zuid-Afrika,A. Modiba,Verdediger
Zuid-Afrika,K. Mudau,Verdediger
Zuid-Afrika,K. Ndamane,Verdediger
Zuid-Afrika,I. Okon,Verdediger
Zuid-Afrika,N. Sibisi,Verdediger
Zuid-Afrika,T. Matuludi,Verdediger
Zuid-Afrika,J. Adams,Middenvelder
Zuid-Afrika,T. Mbatha,Middenvelder
Zuid-Afrika,T. Mokoena,Middenvelder
Zuid-Afrika,S. Sithole,Middenvelder
Zuid-Afrika,T. Zwane,Middenvelder
Zuid-Afrika,O. Appollis,Aanvaller
Zuid-Afrika,L. Foster,Aanvaller
Zuid-Afrika,E. Makgopa,Aanvaller
Zuid-Afrika,T. Maseko,Aanvaller
Zuid-Afrika,R. Mofokeng,Aanvaller
Zuid-Afrika,T. Moremi,Middenvelder
Zuid-Afrika,I. Rayners,Aanvaller
Zuid-Afrika,K. Sebelebele,Middenvelder
Zuid-Korea,Jo Hyeon-Woo,Keeper
Zuid-Korea,Kim Seung-Gyu,Keeper
Zuid-Korea,Song Bum-Keun,Keeper
Zuid-Korea,Cho Wi-Je,Verdediger
Zuid-Korea,Kim Min-Jae,Verdediger
Zuid-Korea,Kim Moon-Hwan,Verdediger
Zuid-Korea,Kim Tae-Hyeon,Verdediger
Zuid-Korea,Lee Han-Beom,Verdediger
Zuid-Korea,Park Jin-Seop,Middenvelder
Zuid-Korea,Lee Tae-Seok,Middenvelder
Zuid-Korea,Seol Young-Woo,Middenvelder
Zuid-Korea,J. Castrop,Middenvelder
Zuid-Korea,Lee Gi-Hyuk,Verdediger
Zuid-Korea,Bae Jun-Ho,Aanvaller
Zuid-Korea,Eom Ji-Sung,Aanvaller
Zuid-Korea,Hwang In-Beom,Middenvelder
Zuid-Korea,Kim Jin-Gyu,Middenvelder
Zuid-Korea,Lee Dong-Gyeong,Aanvaller
Zuid-Korea,Lee Jae-Sung,Middenvelder
Zuid-Korea,Lee Kang-In,Middenvelder
Zuid-Korea,Paik Seung-Ho,Middenvelder
Zuid-Korea,Yang Hyun-Jun,Aanvaller
Zuid-Korea,Hwang Hee-Chan,Aanvaller
Zuid-Korea,Cho Gue-Sung,Aanvaller
Zuid-Korea,Oh Hyeon-Gyu,Aanvaller
Zuid-Korea,Son Heung-Min,Aanvaller
Tsjechië,L. Hornícek,Keeper
Tsjechië,M. Kovár,Keeper
Tsjechië,J. Stanek,Keeper
Tsjechië,S. Chaloupek,Verdediger
Tsjechië,V. Coufal,Verdediger
Tsjechië,T. Holes,Verdediger
Tsjechië,R. Hranác,Verdediger
Tsjechië,D. Jurásek,Verdediger
Tsjechië,L. Krejcí,Verdediger
Tsjechië,J. Zelený,Verdediger
Tsjechië,D. Zima,Verdediger
Tsjechië,D. Doudera,Middenvelder
Tsjechië,L. Cerv,Middenvelder
Tsjechië,V. Darida,Middenvelder
Tsjechië,L. Provod,Aanvaller
Tsjechië,M. Sadílek,Middenvelder
Tsjechië,H. Sochurek,Middenvelder
Tsjechië,A. Sojka,Middenvelder
Tsjechië,T. Soucek,Middenvelder
Tsjechië,P. Sulc,Aanvaller
Tsjechië,T. Chorý,Aanvaller
Tsjechië,M. Chytil,Aanvaller
Tsjechië,A. Hlozek,Aanvaller
Tsjechië,J. Kuchta,Aanvaller
Tsjechië,P. Schick,Aanvaller
Tsjechië,D. Visinský,Middenvelder
Canada,M. Crépeau,Keeper
Canada,O. Goodman,Keeper
Canada,D. St. Clair,Keeper
Canada,D. Cornelius,Verdediger
Canada,L. De Fougerolles,Verdediger
Canada,R. Laryea,Verdediger
Canada,J. Waterman,Verdediger
Canada,A. Johnston,Verdediger
Canada,A. Jones,Verdediger
Canada,M. Bombito,Verdediger
Canada,A. Davies,Verdediger
Canada,N. Sigur,Middenvelder
Canada,J. Shaffelburg,Middenvelder
Canada,L. Millar,Middenvelder
Canada,M. Choinière,Middenvelder
Canada,S. Eustáquio,Middenvelder
Canada,I. Koné,Middenvelder
Canada,J. Osorio,Middenvelder
Canada,N. Saliba,Middenvelder
Canada,J. Nelson,Middenvelder
Canada,T. Buchanan,Middenvelder
Canada,J. David,Aanvaller
Canada,P. David,Aanvaller
Canada,C. Larin,Aanvaller
Canada,A. Ahmed,Middenvelder
Canada,T. Oluwaseyi,Aanvaller
Bosnië en Herzegovina,M. Jurkas,Keeper
Bosnië en Herzegovina,N. Vasilj,Keeper
Bosnië en Herzegovina,M. Zlomislic,Keeper
Bosnië en Herzegovina,N. Celik,Verdediger
Bosnië en Herzegovina,A. Dedic,Verdediger
Bosnië en Herzegovina,D. Hadzikadunic,Verdediger
Bosnië en Herzegovina,N. Katic,Verdediger
Bosnië en Herzegovina,S. Kolasinac,Verdediger
Bosnië en Herzegovina,T. Muharemovic,Verdediger
Bosnië en Herzegovina,N. Mujakic,Verdediger
Bosnië en Herzegovina,S. Radeljic,Verdediger
Bosnië en Herzegovina,I. Basic,Middenvelder
Bosnië en Herzegovina,A. Gigovic,Middenvelder
Bosnië en Herzegovina,A. Hadziahmetovic,Middenvelder
Bosnië en Herzegovina,Ermin Mahmic,Middenvelder
Bosnië en Herzegovina,I. Sunjic,Middenvelder
Bosnië en Herzegovina,B. Tahirovic,Middenvelder
Bosnië en Herzegovina,A. Memic,Middenvelder
Bosnië en Herzegovina,D. Burnic,Middenvelder
Bosnië en Herzegovina,Kerim-Sam Alajbegovic,Middenvelder
Bosnië en Herzegovina,E. Bajraktarevic,Aanvaller
Bosnië en Herzegovina,S. Bazdar,Aanvaller
Bosnië en Herzegovina,E. Demirovic,Aanvaller
Bosnië en Herzegovina,E. Dzeko,Aanvaller
Bosnië en Herzegovina,J. Lukic,Aanvaller
Bosnië en Herzegovina,H. Tabakovic,Aanvaller
Qatar,Mahmud Abunada,Keeper
Qatar,Meshaal Barsham,Keeper
Qatar,Salah Zakaria,Keeper
Qatar,Homam Ahmed,Verdediger
Qatar,Sultan Al Braik,Verdediger
Qatar,A. Al Hussain,Verdediger
Qatar,A. Al Oui,Verdediger
Qatar,Jassem Gaber,Middenvelder
Qatar,Boualem Khoukhi,Verdediger
Qatar,Lucas Mendes,Verdediger
Qatar,G. Laye,Verdediger
Qatar,Pedro Miguel,Verdediger
Qatar,Assim Madibo,Middenvelder
Qatar,Ahmed Al Ganehi,Aanvaller
Qatar,Abdulaziz Hatem,Middenvelder
Qatar,Karim Boudiaf,Middenvelder
Qatar,Ahmed Fathi,Middenvelder
Qatar,Hassan Al Haydos,Aanvaller
Qatar,Mohamed Al Manai,Middenvelder
Qatar,Y. Abdurisag,Aanvaller
Qatar,Akram Afif,Aanvaller
Qatar,Ahmed Alaa,Aanvaller
Qatar,Almoez Ali,Aanvaller
Qatar,Edmilson Junior,Aanvaller
Qatar,Tahsin Jamshid,Aanvaller
Qatar,Mohammed Muntari,Aanvaller
Zwitserland,M. Keller,Keeper
Zwitserland,G. Kobel,Keeper
Zwitserland,Y. Mvogo,Keeper
Zwitserland,M. Akanji,Verdediger
Zwitserland,A. Amenda,Verdediger
Zwitserland,E. Cömert,Verdediger
Zwitserland,N. Elvedi,Verdediger
Zwitserland,L. Jaquez,Verdediger
Zwitserland,M. Muheim,Verdediger
Zwitserland,R. Rodríguez,Verdediger
Zwitserland,S. Widmer,Verdediger
Zwitserland,M. Aebischer,Middenvelder
Zwitserland,R. Freuler,Middenvelder
Zwitserland,A. Jashari,Middenvelder
Zwitserland,D. Sow,Middenvelder
Zwitserland,G. Xhaka,Middenvelder
Zwitserland,D. Zakaria,Verdediger
Zwitserland,C. Fassnacht,Middenvelder
Zwitserland,C. Itten,Aanvaller
Zwitserland,F. Rieder,Middenvelder
Zwitserland,R. Vargas,Aanvaller
Zwitserland,Z. Amdouni,Aanvaller
Zwitserland,B. Embolo,Aanvaller
Zwitserland,J. Manzambi,Aanvaller
Zwitserland,N. Okafor,Aanvaller
Zwitserland,D. Ndoye,Middenvelder
Brazilië,Alisson Becker,Keeper
Brazilië,Ederson,Keeper
Brazilië,Weverton,Keeper
Brazilië,Alex Sandro,Verdediger
Brazilië,Bremer,Verdediger
Brazilië,Gabriel Magalhães,Verdediger
Brazilië,Ibañez,Verdediger
Brazilië,Léo Pereira,Verdediger
Brazilië,Marquinhos,Verdediger
Brazilië,Douglas Santos,Verdediger
Brazilië,Éderson,Middenvelder
Brazilië,Danilo,Verdediger
Brazilië,Bruno Guimarães,Middenvelder
Brazilië,Casemiro,Middenvelder
Brazilië,Fabinho,Middenvelder
Brazilië,Lucas Paquetá,Middenvelder
Brazilië,Danilo Santos,Middenvelder
Brazilië,Matheus Cunha,Aanvaller
Brazilië,Endrick,Aanvaller
Brazilië,Luiz Henrique,Middenvelder
Brazilië,Gabriel Martinelli,Aanvaller
Brazilië,Neymar,Aanvaller
Brazilië,Raphinha,Middenvelder
Brazilië,Rayan,Aanvaller
Brazilië,Thiago,Aanvaller
Brazilië,Vinícius Júnior,Middenvelder
Marokko,Y. Bounou,Keeper
Marokko,M. Mohamedi,Keeper
Marokko,A. Tagnaouti,Keeper
Marokko,M. Saâdane,Verdediger
Marokko,I. Diop,Verdediger
Marokko,Z. El Ouahdi,Verdediger
Marokko,A. Hakimi,Verdediger
Marokko,R. Halhal,Verdediger
Marokko,N. Mazraoui,Verdediger
Marokko,C. Riad,Verdediger
Marokko,A. Salah-Eddine,Verdediger
Marokko,Y. Belammari,Verdediger
Marokko,S. Amrabat,Middenvelder
Marokko,A. Bouaddi,Middenvelder
Marokko,N. El Aynaoui,Middenvelder
Marokko,B. El Khannouss,Middenvelder
Marokko,S. El Mourabet,Middenvelder
Marokko,A. Ounahi,Middenvelder
Marokko,I. Saibari,Aanvaller
Marokko,C. Talbi,Middenvelder
Marokko,Gessime Yassine,Aanvaller
Marokko,Brahim Díaz,Middenvelder
Marokko,A. Amaimouni,Middenvelder
Marokko,A. El Kaabi,Aanvaller
Marokko,A. Sbaï,Middenvelder
Marokko,S. Rahimi,Aanvaller
Haïti,J. Duverger,Keeper
Haïti,A. Pierre,Keeper
Haïti,J. Placide,Keeper
Haïti,C. Arcus,Verdediger
Haïti,K. Thermoncy,Verdediger
Haïti,Ricardo Ade,Verdediger
Haïti,H. Delcroix,Verdediger
Haïti,J. Duverne,Verdediger
Haïti,M. Expérience,Verdediger
Haïti,D. Lacroix,Verdediger
Haïti,W. Paugain,Verdediger
Haïti,J. Bellegarde,Middenvelder
Haïti,D. Jean-Jacques,Middenvelder
Haïti,L. Pierre,Middenvelder
Haïti,W. Pierre,Middenvelder
Haïti,C. F. Sainte,Middenvelder
Haïti,D. Simon,Middenvelder
Haïti,J. Casimir,Middenvelder
Haïti,L. Deedson,Aanvaller
Haïti,D. Etienne,Aanvaller
Haïti,Y. Fortuné,Aanvaller
Haïti,W. Isidor,Aanvaller
Haïti,L. Joseph,Aanvaller
Haïti,D. Nazon,Aanvaller
Haïti,F. Pierrot,Aanvaller
Haïti,R. Providence,Middenvelder
Schotland,C. Gordon,Keeper
Schotland,A. Gunn,Keeper
Schotland,L. Kelly,Keeper
Schotland,G. Hanley,Verdediger
Schotland,J. Hendry,Verdediger
Schotland,A. Hickey,Verdediger
Schotland,D. Hyam,Verdediger
Schotland,S. McKenna,Verdediger
Schotland,N. Patterson,Verdediger
Schotland,A. Ralston,Verdediger
Schotland,A. Robertson,Verdediger
Schotland,J. Souttar,Verdediger
Schotland,K. Tierney,Verdediger
Schotland,R. Christie,Middenvelder
Schotland,L. Ferguson,Middenvelder
Schotland,T. Fletcher,Middenvelder
Schotland,J.  McGinn,Middenvelder
Schotland,K. McLean,Middenvelder
Schotland,S. McTominay,Middenvelder
Schotland,C. Adams,Aanvaller
Schotland,L. Dykes,Aanvaller
Schotland,B. Doak,Middenvelder
Schotland,G. Hirst,Aanvaller
Schotland,L. Shankland,Aanvaller
Schotland,R. Stewart,Aanvaller
Schotland,Findlay Curtis,Middenvelder
Verenigde Staten,C. Brady,Keeper
Verenigde Staten,M. Freese,Keeper
Verenigde Staten,M. Turner,Keeper
Verenigde Staten,S. Dest,Middenvelder
Verenigde Staten,A. Freeman,Verdediger
Verenigde Staten,M. McKenzie,Verdediger
Verenigde Staten,T. Ream,Verdediger
Verenigde Staten,C. Richards,Verdediger
Verenigde Staten,A. Robinson,Middenvelder
Verenigde Staten,M. Robinson,Verdediger
Verenigde Staten,J. Scally,Verdediger
Verenigde Staten,A. Trusty,Verdediger
Verenigde Staten,M. Arfsten,Middenvelder
Verenigde Staten,S. Berhalter,Middenvelder
Verenigde Staten,W. McKennie,Middenvelder
Verenigde Staten,G. Reyna,Aanvaller
Verenigde Staten,C. Roldan,Middenvelder
Verenigde Staten,M. Tillman,Middenvelder
Verenigde Staten,T. Adams,Middenvelder
Verenigde Staten,T. Weah,Aanvaller
Verenigde Staten,A. Zendejas,Aanvaller
Verenigde Staten,B. Aaronson,Middenvelder
Verenigde Staten,F. Balogun,Aanvaller
Verenigde Staten,R. Pepi,Aanvaller
Verenigde Staten,C. Pulisic,Aanvaller
Verenigde Staten,H. Wright,Aanvaller
Paraguay,R. Fernandez,Keeper
Paraguay,O. Gill,Keeper
Paraguay,G. Olveira,Keeper
Paraguay,O. Alderete,Verdediger
Paraguay,J. Alonso,Verdediger
Paraguay,J. Cáceres,Verdediger
Paraguay,F. Balbuena,Verdediger
Paraguay,G. Gómez,Verdediger
Paraguay,A. Maidana,Verdediger
Paraguay,G. Velázquez,Verdediger
Paraguay,J. Canale,Verdediger
Paraguay,D. Bobadilla,Middenvelder
Paraguay,G. Caballero,Middenvelder
Paraguay,A. Cubas,Middenvelder
Paraguay,M. Galarza,Middenvelder
Paraguay,D. Gómez,Middenvelder
Paraguay,Maurício,Middenvelder
Paraguay,B. Ojeda,Middenvelder
Paraguay,R. Sosa,Middenvelder
Paraguay,M. Almirón,Middenvelder
Paraguay,A. Romero,Aanvaller
Paraguay,A. Arce,Aanvaller
Paraguay,G. Ávalos,Aanvaller
Paraguay,J. Enciso,Aanvaller
Paraguay,I. Pitta,Aanvaller
Paraguay,A. Sanabria,Aanvaller
Australië,P. Beach,Keeper
Australië,P. Izzo,Keeper
Australië,M. Ryan,Keeper
Australië,A. Behich,Verdediger
Australië,J. Bos,Verdediger
Australië,C. Burgess,Verdediger
Australië,A. Circati,Verdediger
Australië,J. Geria,Verdediger
Australië,L. Herrington,Verdediger
Australië,H. Souttar,Verdediger
Australië,M. Degenek,Verdediger
Australië,J. Italiano,Verdediger
Australië,K. Trewin,Verdediger
Australië,J. Irvine,Middenvelder
Australië,C. Devlin,Middenvelder
Australië,A. O Neill,Middenvelder
Australië,Paul Okon-Engstler,Middenvelder
Australië,C. Metcalfe,Middenvelder
Australië,A. Hrustic,Middenvelder
Australië,C. Volpato,Aanvaller
Australië,N. Irankunda,Aanvaller
Australië,M. Leckie,Middenvelder
Australië,A. Mabil,Middenvelder
Australië,T. Yengi,Aanvaller
Australië,M. Touré,Aanvaller
Australië,N. Velupillay,Aanvaller
Turkije,A. Bayindir,Keeper
Turkije,U. Çakir,Keeper
Turkije,M. Günok,Keeper
Turkije,S. Akaydin,Verdediger
Turkije,A. Bardakci,Verdediger
Turkije,Z. Çelik,Verdediger
Turkije,M. Demiral,Verdediger
Turkije,E. Elmali,Verdediger
Turkije,O. Kabak,Verdediger
Turkije,F. Kadioglu,Verdediger
Turkije,M. Müldür,Verdediger
Turkije,Ç. Söyüncü,Verdediger
Turkije,H. Çalhanoglu,Middenvelder
Turkije,K. Ayhan,Verdediger
Turkije,O. Kokçu,Middenvelder
Turkije,S. Özcan,Middenvelder
Turkije,I. Yüksek,Middenvelder
Turkije,C. Uzun,Middenvelder
Turkije,O. Aydin,Middenvelder
Turkije,A. Güler,Middenvelder
Turkije,Y. Akgün,Middenvelder
Turkije,K. Aktürkoglu,Aanvaller
Turkije,D. Gül,Aanvaller
Turkije,I. Kahveci,Middenvelder
Turkije,K. Yildiz,Aanvaller
Turkije,B. Yilmaz,Aanvaller
Duitsland,O. Baumann,Keeper
Duitsland,M. Neuer,Keeper
Duitsland,A. Nübel,Keeper
Duitsland,W. Anton,Verdediger
Duitsland,N. Brown,Verdediger
Duitsland,D. Raum,Verdediger
Duitsland,A. Rüdiger,Verdediger
Duitsland,N. Schlotterbeck,Verdediger
Duitsland,J. Tah,Verdediger
Duitsland,M. Thiaw,Verdediger
Duitsland,J. Kimmich,Verdediger
Duitsland,N. Amiri,Middenvelder
Duitsland,L. Goretzka,Middenvelder
Duitsland,P. Groß,Middenvelder
Duitsland,A. Ouédraogo,Middenvelder
Duitsland,J. Leweling,Aanvaller
Duitsland,J. Musiala,Middenvelder
Duitsland,F. Nmecha,Middenvelder
Duitsland,A. Pavlovic,Middenvelder
Duitsland,L. Sané,Aanvaller
Duitsland,A. Stiller,Middenvelder
Duitsland,F. Wirtz,Middenvelder
Duitsland,K. Havertz,Aanvaller
Duitsland,M. Beier,Aanvaller
Duitsland,D. Undav,Aanvaller
Duitsland,N. Woltemade,Aanvaller
Curaçao,T. Bodak,Keeper
Curaçao,T. Doornbusch,Keeper
Curaçao,E. Room,Keeper
Curaçao,R. Bazoer,Verdediger
Curaçao,J. Brenet,Verdediger
Curaçao,S. Floranus,Verdediger
Curaçao,Deveron Fonville,Verdediger
Curaçao,J. Gaari,Verdediger
Curaçao,S. Sambo,Verdediger
Curaçao,R. van Eijma,Verdediger
Curaçao,A. Obispo,Verdediger
Curaçao,L. Bacuna,Middenvelder
Curaçao,A. Martha,Middenvelder
Curaçao,T. Noslin,Middenvelder
Curaçao,L. Comenencia,Middenvelder
Curaçao,K. Felida,Middenvelder
Curaçao,T. Chong,Middenvelder
Curaçao,G. Roemeratoe,Middenvelder
Curaçao,J. Bacuna,Middenvelder
Curaçao,J. Antonisse,Aanvaller
Curaçao,B. Kuwas,Aanvaller
Curaçao,K. Gorré,Aanvaller
Curaçao,S. Hansen,Aanvaller
Curaçao,G. Kastaneer,Aanvaller
Curaçao,J. Locadia,Aanvaller
Curaçao,J. Margaritha,Aanvaller
Ivoorkust,Y. Fofana,Keeper
Ivoorkust,M. Koné,Keeper
Ivoorkust,A. Lafont,Keeper
Ivoorkust,E. Agbadou,Verdediger
Ivoorkust,O. Diomande,Verdediger
Ivoorkust,G. Doué,Verdediger
Ivoorkust,G. Konan,Verdediger
Ivoorkust,O. Kossounou,Verdediger
Ivoorkust,E. Ndicka,Verdediger
Ivoorkust,C. Operi,Verdediger
Ivoorkust,W. Singo,Verdediger
Ivoorkust,S. Fofana,Middenvelder
Ivoorkust,C. Inao Oulai,Middenvelder
Ivoorkust,F. Kessié,Middenvelder
Ivoorkust,I. Sangaré,Middenvelder
Ivoorkust,J. Seri,Middenvelder
Ivoorkust,P. Guiagon,Middenvelder
Ivoorkust,B. Touré,Aanvaller
Ivoorkust,S. Adingra,Aanvaller
Ivoorkust,A. Bonny,Aanvaller
Ivoorkust,O. Diakité,Middenvelder
Ivoorkust,A. Diallo,Aanvaller
Ivoorkust,Y. Diomande,Middenvelder
Ivoorkust,E. Guessand,Aanvaller
Ivoorkust,N. Pépé,Aanvaller
Ivoorkust,E. Wahi,Aanvaller
Ecuador,H. Galíndez,Keeper
Ecuador,M. Ramírez,Keeper
Ecuador,G. Valle,Keeper
Ecuador,P. Estupiñán,Verdediger
Ecuador,P. Hincapié,Verdediger
Ecuador,Y. Medina,Verdediger
Ecuador,J. Ordoñez,Verdediger
Ecuador,W. Pacho,Verdediger
Ecuador,J. Porozo,Verdediger
Ecuador,A. Preciado,Verdediger
Ecuador,F. Torres,Verdediger
Ecuador,J. Alcívar,Middenvelder
Ecuador,M. Caicedo,Middenvelder
Ecuador,D. Castillo,Middenvelder
Ecuador,A. Franco,Middenvelder
Ecuador,K. Páez,Middenvelder
Ecuador,A. Minda,Middenvelder
Ecuador,A. Valencia,Middenvelder
Ecuador,P. Vite,Middenvelder
Ecuador,K. Rodríguez,Aanvaller
Ecuador,J. Yeboah,Middenvelder
Ecuador,N. Angulo,Middenvelder
Ecuador,J. Caicedo,Aanvaller
Ecuador,Jeremy Arévalo,Aanvaller
Ecuador,G. Plata,Aanvaller
Ecuador,E. Valencia,Aanvaller
Nederland,M. Flekken,Keeper
Nederland,R. Roefs,Keeper
Nederland,B. Verbruggen,Keeper
Nederland,N. Aké,Verdediger
Nederland,D. Dumfries,Verdediger
Nederland,J. Hato,Verdediger
Nederland,L. Geertruida,Verdediger
Nederland,V. van Dijk,Verdediger
Nederland,J. van Hecke,Verdediger
Nederland,M. van de Ven,Verdediger
Nederland,M. Wieffer,Verdediger
Nederland,R. Gravenberch,Middenvelder
Nederland,T. Koopmeiners,Middenvelder
Nederland,T. Reijnders,Middenvelder
Nederland,G. Til,Middenvelder
Nederland,Q. Timber,Middenvelder
Nederland,F. de Jong,Middenvelder
Nederland,M. de Roon,Middenvelder
Nederland,J. Kluivert,Aanvaller
Nederland,B. Brobbey,Aanvaller
Nederland,M. Depay,Aanvaller
Nederland,C. Gakpo,Aanvaller
Nederland,N. Lang,Aanvaller
Nederland,D. Malen,Aanvaller
Nederland,C. Summerville,Aanvaller
Nederland,W. Weghorst,Aanvaller
Japan,T. Hayakawa,Keeper
Japan,K. Osako,Keeper
Japan,Z. Suzuki,Keeper
Japan,K. Itakura,Verdediger
Japan,H. Ito,Verdediger
Japan,Y. Nagatomo,Verdediger
Japan,A. Seko,Verdediger
Japan,Y. Sugawara,Verdediger
Japan,J. Suzuki,Verdediger
Japan,S. Taniguchi,Verdediger
Japan,T. Tomiyasu,Verdediger
Japan,T. Watanabe,Verdediger
Japan,R. Doan,Middenvelder
Japan,W. Endo,Middenvelder
Japan,D. Kamada,Middenvelder
Japan,K. Sano,Middenvelder
Japan,A. Tanaka,Middenvelder
Japan,J. Ito,Aanvaller
Japan,T. Kubo,Aanvaller
Japan,D. Maeda,Aanvaller
Japan,Keito Nakamura,Middenvelder
Japan,Y. Suzuki,Middenvelder
Japan,K. Goto,Aanvaller
Japan,Koki Ogawa,Aanvaller
Japan,K. Shiogai,Aanvaller
Japan,A. Ueda,Aanvaller
Zweden,V. Johansson,Keeper
Zweden,K. Nordfeldt,Keeper
Zweden,J. Widell Zetterström,Keeper
Zweden,H. Ekdal,Verdediger
Zweden,G. Gudmundsson,Middenvelder
Zweden,I. Hien,Verdediger
Zweden,G. Lagerbielke,Verdediger
Zweden,V. Lindelöf,Verdediger
Zweden,C. Starfelt,Verdediger
Zweden,H. Johansson,Middenvelder
Zweden,E. Smith,Verdediger
Zweden,E. Stroud,Middenvelder
Zweden,D. Svensson,Verdediger
Zweden,A. Bernhardsson,Middenvelder
Zweden,Y. Ayari,Middenvelder
Zweden,L. Bergvall,Middenvelder
Zweden,B. Nygren,Aanvaller
Zweden,J. Karlström,Middenvelder
Zweden,K. Sema,Middenvelder
Zweden,M. Svanberg,Middenvelder
Zweden,B. Zeneli,Middenvelder
Zweden,T. Ali,Middenvelder
Zweden,A. Elanga,Aanvaller
Zweden,V. Gyökeres,Aanvaller
Zweden,A. Isak,Aanvaller
Zweden,G. Nilsson,Aanvaller
Tunesië,S. Ben Hsan,Keeper
Tunesië,C. Abdelmouhib,Keeper
Tunesië,A. Dahmen,Keeper
Tunesië,A. Abdi,Verdediger
Tunesië,A. Arous,Verdediger
Tunesië,A. Ben Hmida,Verdediger
Tunesië,D. Bronn,Verdediger
Tunesië,R. Chikhaoui,Verdediger
Tunesië,M. Neffati,Verdediger
Tunesië,O. Rekik,Verdediger
Tunesië,M. Talbi,Verdediger
Tunesië,Y. Valery,Verdediger
Tunesië,M. Ben Ouanes,Middenvelder
Tunesië,K. Ayari,Aanvaller
Tunesië,Ismaël Gharbi,Middenvelder
Tunesië,R. Khedira,Middenvelder
Tunesië,H. Mejbri,Middenvelder
Tunesië,E. Skhiri,Middenvelder
Tunesië,A. Ben Slimane,Middenvelder
Tunesië,H. Mahmoud,Middenvelder
Tunesië,S. Tounekti,Aanvaller
Tunesië,E. Achouri,Middenvelder
Tunesië,F. Chaouat,Aanvaller
Tunesië,R. Elloumi,Aanvaller
Tunesië,H. Mastouri,Aanvaller
Tunesië,E. Saad,Aanvaller
België,T. Courtois,Keeper
België,S. Lammens,Keeper
België,M. Penders,Keeper
België,T. Castagne,Verdediger
België,M. De Cuyper,Middenvelder
België,K. De Winter,Verdediger
België,Z. Debast,Verdediger
België,B. Mechele,Verdediger
België,T. Meunier,Verdediger
België,N. Ngoy,Verdediger
België,J. Seys,Verdediger
België,A. Theate,Verdediger
België,K. De Bruyne,Aanvaller
België,A. Onana,Verdediger
België,N. Raskin,Middenvelder
België,A. Saelemaekers,Middenvelder
België,Y. Tielemans,Middenvelder
België,D. Moreira,Aanvaller
België,H. Vanaken,Middenvelder
België,A. Witsel,Middenvelder
België,J. Doku,Aanvaller
België,M. Fernandez-Pardo,Aanvaller
België,R. Lukaku,Aanvaller
België,D. Lukebakio,Aanvaller
België,C. De Ketelaere,Aanvaller
België,L. Trossard,Aanvaller
Egypte,M. Alaa,Keeper
Egypte,Mohamed El Shenawy,Keeper
Egypte,Mostafa Shobeir,Keeper
Egypte,Al Mahdi Soliman,Keeper
Egypte,Hossam Abdelmaguid,Verdediger
Egypte,Mohamed Abdelmonem,Verdediger
Egypte,Ahmed Fatouh,Verdediger
Egypte,Karim Hafez,Verdediger
Egypte,Mohamed Hany,Verdediger
Egypte,Yasser Ibrahim,Verdediger
Egypte,Rami Rabia,Verdediger
Egypte,T. Alaa,Verdediger
Egypte,Emam Ashour,Middenvelder
Egypte,Marwan Attia,Middenvelder
Egypte,Nabil Emad Dunga,Middenvelder
Egypte,Hamdi Fathy,Middenvelder
Egypte,Mohanad Lasheen,Middenvelder
Egypte,Mahmoud Saber,Middenvelder
Egypte,Mostafa Zico,Aanvaller
Egypte,Trézéguet,Middenvelder
Egypte,H. Hassan,Aanvaller
Egypte,Ahmed Zizo,Aanvaller
Egypte,H. Abdelkarim,Aanvaller
Egypte,Ibrahim Adel,Middenvelder
Egypte,Omar Marmoush,Aanvaller
Egypte,Mohamed Salah,Aanvaller
Iran,A. Beiranvand,Keeper
Iran,H. Hosseini,Keeper
Iran,P. Niazmand,Keeper
Iran,D. Eiri,Verdediger
Iran,R. Rezaeian,Verdediger
Iran,E. Hajisafi,Verdediger
Iran,Saleh Hardani,Verdediger
Iran,H. Kanani,Verdediger
Iran,S. Khalilzadeh,Verdediger
Iran,M. Mohammadi,Verdediger
Iran,A. Nemati,Verdediger
Iran,A. Yousefi,Verdediger
Iran,A. Jahanbakhsh,Middenvelder
Iran,R. Cheshmi,Middenvelder
Iran,S. Ezatolahi,Middenvelder
Iran,S. Ghoddos,Middenvelder
Iran,A. Razzaghinia,Middenvelder
Iran,M. Ghorbani,Middenvelder
Iran,M. Mohebi,Aanvaller
Iran,M. Torabi,Middenvelder
Iran,M. Ghaedi,Aanvaller
Iran,A. Hosseinzadeh,Aanvaller
Iran,A. Alipour,Aanvaller
Iran,S. Moghanlou,Aanvaller
Iran,D. Eckert Ayensa,Aanvaller
Iran,M. Taremi,Aanvaller
Nieuw-Zeeland,M. Crocombe,Keeper
Nieuw-Zeeland,A. Paulsen,Keeper
Nieuw-Zeeland,M. Woud,Keeper
Nieuw-Zeeland,Tyler Bindon,Verdediger
Nieuw-Zeeland,M. Boxall,Verdediger
Nieuw-Zeeland,L. Cacace,Middenvelder
Nieuw-Zeeland,F. de Vries,Verdediger
Nieuw-Zeeland,C. Elliot,Verdediger
Nieuw-Zeeland,T. Payne,Verdediger
Nieuw-Zeeland,N. Pijnaker,Verdediger
Nieuw-Zeeland,T. Smith,Verdediger
Nieuw-Zeeland,F. Surman,Verdediger
Nieuw-Zeeland,L. Bayliss,Middenvelder
Nieuw-Zeeland,J. Bell,Middenvelder
Nieuw-Zeeland,M. Garbett,Middenvelder
Nieuw-Zeeland,C. McCowatt,Middenvelder
Nieuw-Zeeland,A. Rufer,Middenvelder
Nieuw-Zeeland,S. Singh,Middenvelder
Nieuw-Zeeland,M. Stamenic,Middenvelder
Nieuw-Zeeland,R. Thomas,Middenvelder
Nieuw-Zeeland,E. Just,Middenvelder
Nieuw-Zeeland,B. Old,Middenvelder
Nieuw-Zeeland,K. Barbarouses,Aanvaller
Nieuw-Zeeland,J. Randall,Middenvelder
Nieuw-Zeeland,B. Waine,Aanvaller
Nieuw-Zeeland,C. Wood,Aanvaller
Spanje,Joan García,Keeper
Spanje,David Raya,Keeper
Spanje,Unai Simón,Keeper
Spanje,Pau Cubarsí Paredes,Verdediger
Spanje,Marc Cucurella,Verdediger
Spanje,Eric García,Verdediger
Spanje,Álex Grimaldo,Verdediger
Spanje,Aymeric Laporte,Verdediger
Spanje,Marcos Llorente,Middenvelder
Spanje,Pedro Porro,Verdediger
Spanje,Marc Pubill,Verdediger
Spanje,Gavi,Middenvelder
Spanje,Mikel Merino,Middenvelder
Spanje,Pedri,Middenvelder
Spanje,Rodri,Middenvelder
Spanje,Fabián Ruiz,Middenvelder
Spanje,Martín Zubimendi,Middenvelder
Spanje,Álex Baena,Middenvelder
Spanje,Dani Olmo,Middenvelder
Spanje,Borja Iglesias,Aanvaller
Spanje,Lamine Yamal,Aanvaller
Spanje,Víctor Muñoz,Aanvaller
Spanje,Mikel Oyarzabal,Aanvaller
Spanje,Yeremy Pino,Middenvelder
Spanje,Ferran Torres,Middenvelder
Spanje,Nico Williams,Aanvaller
Kaapverdië,Márcio Rosa,Keeper
Kaapverdië,Vózinha,Keeper
Kaapverdië,C. dos Santos,Keeper
Kaapverdië,Diney Borges,Verdediger
Kaapverdië,Logan Costa,Verdediger
Kaapverdië,S. Lopes Cabral,Verdediger
Kaapverdië,Pico,Verdediger
Kaapverdië,S. Moreira,Verdediger
Kaapverdië,Wagner Pina,Verdediger
Kaapverdië,Kelvin Pires,Verdediger
Kaapverdië,Stopira,Verdediger
Kaapverdië,Telmo Arcanjo,Middenvelder
Kaapverdië,Deroy Duarte,Middenvelder
Kaapverdië,L. Duarte,Middenvelder
Kaapverdië,João Paulo,Middenvelder
Kaapverdië,Kevin Pina,Middenvelder
Kaapverdië,Jamiro Monteiro,Middenvelder
Kaapverdië,Yannick Semedo,Middenvelder
Kaapverdië,Garry Rodrigues,Middenvelder
Kaapverdië,Nuno da Costa,Aanvaller
Kaapverdië,Jovane Cabral,Aanvaller
Kaapverdië,Willy Semedo,Middenvelder
Kaapverdië,Hélio Varela,Middenvelder
Kaapverdië,Ryan Mendes,Middenvelder
Kaapverdië,Gilson Benchimol,Aanvaller
Kaapverdië,D. Livramento,Aanvaller
Saudi-Arabië,Nawaf Al Aqidi,Keeper
Saudi-Arabië,Ahmed Al Kassar,Keeper
Saudi-Arabië,Mohammed Al Owais,Keeper
Saudi-Arabië,Saud Abdulhamid,Verdediger
Saudi-Arabië,Mohammed Abu Al Shamat,Middenvelder
Saudi-Arabië,Nawaf Boushal,Verdediger
Saudi-Arabië,Abdulelah Al Amri,Verdediger
Saudi-Arabië,Moteb Al Harbi,Verdediger
Saudi-Arabië,Hassan Kadesh,Verdediger
Saudi-Arabië,Ali Lajami,Verdediger
Saudi-Arabië,Ali Majrashi,Verdediger
Saudi-Arabië,Hassan Tambakti,Verdediger
Saudi-Arabië,J. Thakri,Verdediger
Saudi-Arabië,Nasser Al Dawsari,Middenvelder
Saudi-Arabië,Mohamed Kanno,Middenvelder
Saudi-Arabië,Ziyad Al Johani,Middenvelder
Saudi-Arabië,Musab Al Juwayr,Aanvaller
Saudi-Arabië,Abdullah Al Khaibari,Middenvelder
Saudi-Arabië,Ala Al Haji,Middenvelder
Saudi-Arabië,Khalid Al Ghannam,Aanvaller
Saudi-Arabië,Sultan Mandash,Aanvaller
Saudi-Arabië,Ayman Yahya,Aanvaller
Saudi-Arabië,Feras Al Brikan,Aanvaller
Saudi-Arabië,Abdullah Al Hamdan,Aanvaller
Saudi-Arabië,Saleh Al Shehri,Aanvaller
Saudi-Arabië,Salem Al Dawsari,Middenvelder
Uruguay,S. Mele,Keeper
Uruguay,F. Muslera,Keeper
Uruguay,S. Rochet,Keeper
Uruguay,R. Araújo,Verdediger
Uruguay,S. Bueno,Verdediger
Uruguay,S. Cáceres,Verdediger
Uruguay,J. Giménez,Verdediger
Uruguay,M. Olivera,Verdediger
Uruguay,G. Varela,Verdediger
Uruguay,M. Viña,Verdediger
Uruguay,R. Bentancur,Middenvelder
Uruguay,E. Martínez,Middenvelder
Uruguay,J. Sanabria,Middenvelder
Uruguay,M. Ugarte,Middenvelder
Uruguay,F. Valverde,Middenvelder
Uruguay,R. Zalazar,Middenvelder
Uruguay,G. de Arrascaeta,Middenvelder
Uruguay,N. de la Cruz,Middenvelder
Uruguay,M. Araújo,Middenvelder
Uruguay,A. Canobbio,Middenvelder
Uruguay,R. Aguirre,Aanvaller
Uruguay,J. Piquerez,Aanvaller
Uruguay,D. Núñez,Aanvaller
Uruguay,F. Pellistri,Aanvaller
Uruguay,B. Rodríguez,Aanvaller
Uruguay,F. Viñas,Aanvaller
Frankrijk,M. Maignan,Keeper
Frankrijk,R. Risser,Keeper
Frankrijk,B. Samba,Keeper
Frankrijk,L. Digne,Verdediger
Frankrijk,M. Gusto,Verdediger
Frankrijk,L. Hernández,Verdediger
Frankrijk,T. Hernández,Verdediger
Frankrijk,I. Konaté,Verdediger
Frankrijk,J. Koundé,Verdediger
Frankrijk,M. Lacroix,Verdediger
Frankrijk,W. Saliba,Verdediger
Frankrijk,D. Upamecano,Verdediger
Frankrijk,R. Cherki,Middenvelder
Frankrijk,N. Kanté,Middenvelder
Frankrijk,M. Koné,Middenvelder
Frankrijk,A. Rabiot,Middenvelder
Frankrijk,A. Tchouaméni,Middenvelder
Frankrijk,W. Zaïre-Emery,Middenvelder
Frankrijk,M. Akliouche,Middenvelder
Frankrijk,B. Barcola,Aanvaller
Frankrijk,J. Mateta,Aanvaller
Frankrijk,O. Dembélé,Aanvaller
Frankrijk,D. Doué,Aanvaller
Frankrijk,Kylian Mbappé,Aanvaller
Frankrijk,M. Thuram,Middenvelder
Frankrijk,M. Olise,Aanvaller
Senegal,M. Diaw,Keeper
Senegal,Y. Diouf,Keeper
Senegal,É. Mendy,Keeper
Senegal,E. Diouf,Verdediger
Senegal,I. Jakobs,Middenvelder
Senegal,K. Koulibaly,Verdediger
Senegal,A. Mendy,Verdediger
Senegal,M. Niakhaté,Verdediger
Senegal,M. Sarr,Verdediger
Senegal,A. Seck,Verdediger
Senegal,K. Diatta,Verdediger
Senegal,L. Camara,Middenvelder
Senegal,P. Ciss,Middenvelder
Senegal,H. Diarra,Aanvaller
Senegal,I. Gueye,Middenvelder
Senegal,P. Gueye,Middenvelder
Senegal,Bara Ndiaye,Middenvelder
Senegal,P. Sarr,Middenvelder
Senegal,Assane Diao,Aanvaller
Senegal,B. Dieng,Aanvaller
Senegal,N. Jackson,Aanvaller
Senegal,S. Mané,Aanvaller
Senegal,I. Mbaye,Aanvaller
Senegal,C. Ndiaye,Aanvaller
Senegal,I. Ndiaye,Middenvelder
Senegal,I. Sarr,Aanvaller
Irak,Ahmed Basil,Keeper
Irak,Jalal Hassan Hachim,Keeper
Irak,Fahad Talib,Keeper
Irak,Hussein Ali,Verdediger
Irak,Merchas Doski,Verdediger
Irak,Frans Putros,Verdediger
Irak,Mustafa Saadoun,Verdediger
Irak,Rebin Solaka,Verdediger
Irak,Zayed Tahseen,Verdediger
Irak,A. Yahya,Verdediger
Irak,Munaf Younus,Verdediger
Irak,Akam Rahman,Verdediger
Irak,Amir Al Ammari,Middenvelder
Irak,Youssef Amyn,Aanvaller
Irak,Ibraheem Bayesh,Middenvelder
Irak,Zidane Iqbal,Middenvelder
Irak,Z. Ismaeel,Middenvelder
Irak,A. Sher,Middenvelder
Irak,Kevin Yakob,Middenvelder
Irak,A. Jasim,Aanvaller
Irak,Ali Al Hamadi,Aanvaller
Irak,M. Farji,Middenvelder
Irak,Aymen Hussein,Aanvaller
Irak,Meme,Aanvaller
Irak,A. Qasem,Aanvaller
Irak,A. Y. Hashim,Aanvaller
Noorwegen,Ø. Nyland,Keeper
Noorwegen,E. Selvik,Keeper
Noorwegen,S. Tangvik,Keeper
Noorwegen,K. Ajer,Verdediger
Noorwegen,F. Bjørkan,Verdediger
Noorwegen,H. Falchener,Verdediger
Noorwegen,S. Langås,Verdediger
Noorwegen,T. Heggem,Verdediger
Noorwegen,L. Østigård,Verdediger
Noorwegen,M. Pedersen,Verdediger
Noorwegen,D. Møller Wolfe,Verdediger
Noorwegen,T. Aasgaard,Middenvelder
Noorwegen,F. Aursnes,Middenvelder
Noorwegen,P. Berg,Middenvelder
Noorwegen,S. Berge,Middenvelder
Noorwegen,Oscar Bobb,Middenvelder
Noorwegen,M. Ødegaard,Middenvelder
Noorwegen,M. Thorsby,Middenvelder
Noorwegen,K. Thorstvedt,Middenvelder
Noorwegen,A. Schjelderup,Aanvaller
Noorwegen,J. Hauge,Middenvelder
Noorwegen,E. Haaland,Aanvaller
Noorwegen,J. Strand Larsen,Aanvaller
Noorwegen,A. Nusa,Middenvelder
Noorwegen,A. Sørloth,Aanvaller
Noorwegen,J. Ryerson,Verdediger
Argentinië,E. Martínez,Keeper
Argentinië,J. Musso,Keeper
Argentinië,G. Rulli,Keeper
Argentinië,L. Balerdi,Verdediger
Argentinië,Lisandro Martínez,Verdediger
Argentinië,F. Medina,Verdediger
Argentinië,N. Molina,Verdediger
Argentinië,G. Montiel,Verdediger
Argentinië,N. Otamendi,Verdediger
Argentinië,C. Romero,Verdediger
Argentinië,N. Tagliafico,Verdediger
Argentinië,V. Barco,Middenvelder
Argentinië,E. Fernández,Middenvelder
Argentinië,G. Lo Celso,Middenvelder
Argentinië,A. Mac Allister,Middenvelder
Argentinië,E. Palacios,Middenvelder
Argentinië,L. Paredes,Middenvelder
Argentinië,N. González,Middenvelder
Argentinië,R. De Paul,Middenvelder
Argentinië,T. Almada,Aanvaller
Argentinië,J. Álvarez,Aanvaller
Argentinië,N. Paz,Aanvaller
Argentinië,J. López,Aanvaller
Argentinië,Lautaro Martínez,Aanvaller
Argentinië,L. Messi,Aanvaller
Argentinië,G. Simeone,Aanvaller
Algerije,O. Benbot,Keeper
Algerije,M. Mastil,Keeper
Algerije,L. Zidane,Keeper
Algerije,A. Abada,Verdediger
Algerije,R. Aït-Nouri,Verdediger
Algerije,Z. Belaïd,Verdediger
Algerije,R. Belghali,Verdediger
Algerije,R. Bensebaïni,Verdediger
Algerije,S. Chergui,Verdediger
Algerije,J. Hadjam,Verdediger
Algerije,A. Mandi,Verdediger
Algerije,M. Tougai,Verdediger
Algerije,H. Aouar,Middenvelder
Algerije,N. Bentaleb,Middenvelder
Algerije,H. Boudaoui,Middenvelder
Algerije,I. Maza,Middenvelder
Algerije,Y. Titraoui,Middenvelder
Algerije,R. Zerrouki,Middenvelder
Algerije,F. Chaïbi,Middenvelder
Algerije,M. Amoura,Aanvaller
Algerije,A. Benbouali,Aanvaller
Algerije,A. Boulbina,Aanvaller
Algerije,F. Ghedjemis,Aanvaller
Algerije,A. Gouiri,Aanvaller
Algerije,A. Hadj-Moussa,Aanvaller
Algerije,R. Mahrez,Aanvaller
Oostenrijk,P. Pentz,Keeper
Oostenrijk,A. Schlager,Keeper
Oostenrijk,F. Wiegele,Keeper
Oostenrijk,D. Affengruber,Verdediger
Oostenrijk,D. Alaba,Verdediger
Oostenrijk,K. Danso,Verdediger
Oostenrijk,M. Friedl,Verdediger
Oostenrijk,P. Lienhart,Verdediger
Oostenrijk,P. Mwene,Verdediger
Oostenrijk,S. Posch,Verdediger
Oostenrijk,M. Svoboda,Verdediger
Oostenrijk,C. Baumgartner,Middenvelder
Oostenrijk,C. Chukwuemeka,Middenvelder
Oostenrijk,F. Grillitsch,Middenvelder
Oostenrijk,K. Laimer,Verdediger
Oostenrijk,A. Prass,Verdediger
Oostenrijk,M. Sabitzer,Middenvelder
Oostenrijk,X. Schlager,Middenvelder
Oostenrijk,R. Schmid,Middenvelder
Oostenrijk,A. Schöpf,Middenvelder
Oostenrijk,N. Seiwald,Middenvelder
Oostenrijk,P. Wanner,Middenvelder
Oostenrijk,P. Wimmer,Middenvelder
Oostenrijk,M. Arnautovic,Aanvaller
Oostenrijk,M. Gregoritsch,Middenvelder
Oostenrijk,S. Kalajdzic,Aanvaller
Jordanië,Yazid Abu Layla,Keeper
Jordanië,Abdallah Al Fakhouri,Keeper
Jordanië,Noureddin Zaid,Keeper
Jordanië,H. Abu Al Dahab,Verdediger
Jordanië,M. Abu Hasheesh,Verdediger
Jordanië,M. Abualnadi,Verdediger
Jordanië,Yazan Al Arab,Verdediger
Jordanië,Saed Al Rosan,Verdediger
Jordanië,A. Badawi,Verdediger
Jordanië,Abdallah Naseeb,Verdediger
Jordanië,Saleem Obaid,Verdediger
Jordanië,Ehsan Haddad,Verdediger
Jordanië,Mohannad Abu Taha,Verdediger
Jordanië,M. Al Daoud,Middenvelder
Jordanië,Ibrahim Sa'deh,Middenvelder
Jordanië,Nizar Al Rashdan,Middenvelder
Jordanië,Noor Al Rawabdeh,Middenvelder
Jordanië,Rajaei Ayed,Middenvelder
Jordanië,Amer Jamous,Middenvelder
Jordanië,Mahmoud Al Mardi,Middenvelder
Jordanië,Mohammed Abu Zurayq,Aanvaller
Jordanië,O. Al Fakhouri,Aanvaller
Jordanië,A. Azaizeh,Aanvaller
Jordanië,Ali Olwan,Aanvaller
Jordanië,Ibrahim Sabra,Aanvaller
Jordanië,Mousa Tamari,Aanvaller
Portugal,Diogo Costa,Keeper
Portugal,José Sá,Keeper
Portugal,Rui Silva,Keeper
Portugal,Tomás Araújo,Verdediger
Portugal,João Cancelo,Verdediger
Portugal,Diogo Dalot,Verdediger
Portugal,Rúben Dias,Verdediger
Portugal,Gonçalo Inácio,Verdediger
Portugal,Nuno Mendes,Verdediger
Portugal,Nélson Semedo,Verdediger
Portugal,Renato Veiga,Verdediger
Portugal,Samú Costa,Verdediger
Portugal,Bruno Fernandes,Middenvelder
Portugal,João Neves,Middenvelder
Portugal,Rúben Neves,Middenvelder
Portugal,Matheus Nunes,Middenvelder
Portugal,Bernardo Silva,Middenvelder
Portugal,Vitinha,Middenvelder
Portugal,Francisco Conceição,Aanvaller
Portugal,Gonçalo Guedes,Aanvaller
Portugal,João Félix,Aanvaller
Portugal,Rafael Leão,Aanvaller
Portugal,Pedro Neto,Aanvaller
Portugal,Gonçalo Ramos,Aanvaller
Portugal,Cristiano Ronaldo,Aanvaller
Portugal,Trincão,Aanvaller
Congo-Kinshasa,M. Epolo,Keeper
Congo-Kinshasa,T. Fayulu,Keeper
Congo-Kinshasa,L. Mpasi,Keeper
Congo-Kinshasa,D. Batubinsika,Verdediger
Congo-Kinshasa,G. Kalulu,Verdediger
Congo-Kinshasa,S. Kapuadi,Verdediger
Congo-Kinshasa,J. Kayembe,Verdediger
Congo-Kinshasa,A. Masuaku,Verdediger
Congo-Kinshasa,C. Mbemba,Verdediger
Congo-Kinshasa,A. Tuanzebe,Verdediger
Congo-Kinshasa,A. Wan-Bissaka,Verdediger
Congo-Kinshasa,E. Kayembe,Middenvelder
Congo-Kinshasa,S. Moutoussamy,Middenvelder
Congo-Kinshasa,N. Mukau,Middenvelder
Congo-Kinshasa,C. Pickel,Middenvelder
Congo-Kinshasa,N. Sadiki,Middenvelder
Congo-Kinshasa,A. Tshibola,Middenvelder
Congo-Kinshasa,N. Mbuku,Middenvelder
Congo-Kinshasa,T. Bongonda,Middenvelder
Congo-Kinshasa,C. Bakambu,Aanvaller
Congo-Kinshasa,S. Banza,Aanvaller
Congo-Kinshasa,B. Cipenga,Aanvaller
Congo-Kinshasa,M. Elia,Aanvaller
Congo-Kinshasa,G. Kakuta,Aanvaller
Congo-Kinshasa,F. Mayele,Aanvaller
Congo-Kinshasa,Y. Wissa,Aanvaller
Oezbekistan,B. Ergashev,Keeper
Oezbekistan,A. Nematov,Keeper
Oezbekistan,U. Yusupov,Keeper
Oezbekistan,K. Alijonov,Verdediger
Oezbekistan,R. Ashurmatov,Verdediger
Oezbekistan,U. Eshmurodov,Verdediger
Oezbekistan,B. Karimov,Verdediger
Oezbekistan,A. Khusanov,Verdediger
Oezbekistan,S. Nasrullayev,Middenvelder
Oezbekistan,F. Sayfiev,Verdediger
Oezbekistan,J. Urozov,Verdediger
Oezbekistan,A. Abdullaev,Verdediger
Oezbekistan,A. Ulmasaliev,Verdediger
Oezbekistan,J. Masharipov,Middenvelder
Oezbekistan,A. Ganiyev,Aanvaller
Oezbekistan,J. Iskanderov,Middenvelder
Oezbekistan,O. Hamrobekov,Middenvelder
Oezbekistan,A. Mozgovoy,Middenvelder
Oezbekistan,O. Shukurov,Middenvelder
Oezbekistan,A. Fayzullaev,Middenvelder
Oezbekistan,S. Esanov,Middenvelder
Oezbekistan,O. Orunov,Aanvaller
Oezbekistan,D. Khamdamov,Middenvelder
Oezbekistan,A. Amonov,Aanvaller
Oezbekistan,I. Sergeev,Aanvaller
Oezbekistan,E. Shomurodov,Aanvaller
Colombia,Á. Montero,Keeper
Colombia,D. Ospina,Keeper
Colombia,C. Vargas,Keeper
Colombia,S. Arias,Verdediger
Colombia,W. Ditta,Verdediger
Colombia,J. Lucumí,Verdediger
Colombia,D. Machado,Verdediger
Colombia,Y. Mina,Verdediger
Colombia,J. Mojica,Verdediger
Colombia,D. Muñoz,Verdediger
Colombia,G. Puerta,Middenvelder
Colombia,D. Sánchez,Verdediger
Colombia,K. Castaño,Middenvelder
Colombia,J. Lerma,Middenvelder
Colombia,J. Portilla,Middenvelder
Colombia,J. Arias,Middenvelder
Colombia,J. Carrascal,Middenvelder
Colombia,J. Quintero,Middenvelder
Colombia,R. Rios,Middenvelder
Colombia,J. Rodríguez,Middenvelder
Colombia,J. Campaz,Middenvelder
Colombia,J. Córdoba,Aanvaller
Colombia,C. Hernández,Aanvaller
Colombia,L. Díaz,Middenvelder
Colombia,A. Gómez,Middenvelder
Colombia,L. Suárez,Aanvaller
Engeland,D. Henderson,Keeper
Engeland,J. Pickford,Keeper
Engeland,J. Trafford,Keeper
Engeland,D. Burn,Verdediger
Engeland,M. Guéhi,Verdediger
Engeland,R. James,Verdediger
Engeland,E. Konsa,Verdediger
Engeland,T. Livramento,Verdediger
Engeland,N. Oreilly,Verdediger
Engeland,J. Quansah,Verdediger
Engeland,D. Spence,Verdediger
Engeland,J. Stones,Verdediger
Engeland,E. Anderson,Middenvelder
Engeland,J. Bellingham,Middenvelder
Engeland,E. Eze,Middenvelder
Engeland,J. Henderson,Middenvelder
Engeland,K. Mainoo,Middenvelder
Engeland,D. Rice,Middenvelder
Engeland,M. Rogers,Middenvelder
Engeland,A. Gordon,Aanvaller
Engeland,H. Kane,Aanvaller
Engeland,N. Madueke,Aanvaller
Engeland,M. Rashford,Aanvaller
Engeland,B. Saka,Aanvaller
Engeland,I. Toney,Aanvaller
Engeland,O. Watkins,Aanvaller
Kroatië,D. Kotarski,Keeper
Kroatië,D. Livakovic,Keeper
Kroatië,I. Pandur,Keeper
Kroatië,D. Caleta-Car,Verdediger
Kroatië,M. Erlic,Verdediger
Kroatië,J. Gvardiol,Verdediger
Kroatië,M. Pongracic,Verdediger
Kroatië,J. Stanisic,Middenvelder
Kroatië,J. Sutalo,Verdediger
Kroatië,L. Vuskovic,Verdediger
Kroatië,M. Baturina,Aanvaller
Kroatië,T. Fruk,Middenvelder
Kroatië,K. Jakic,Middenvelder
Kroatië,M. Kovacic,Middenvelder
Kroatië,L. Modric,Middenvelder
Kroatië,N. Moro,Middenvelder
Kroatië,M. Pasalic,Middenvelder
Kroatië,L. Sucic,Middenvelder
Kroatië,P. Sucic,Aanvaller
Kroatië,N. Vlasic,Middenvelder
Kroatië,A. Budimir,Aanvaller
Kroatië,A. Kramaric,Aanvaller
Kroatië,I. Matanovic,Aanvaller
Kroatië,P. Musa,Aanvaller
Kroatië,M. Pasalic,Aanvaller
Kroatië,I. Perisic,Middenvelder
Ghana,B. Asare,Keeper
Ghana,J. Anang,Keeper
Ghana,L. Zigi,Keeper
Ghana,J. Adjetey,Verdediger
Ghana,D. Luckassen,Verdediger
Ghana,G. Mensah,Verdediger
Ghana,A. Seidu,Verdediger
Ghana,J. Opoku,Verdediger
Ghana,K. Peprah Oppong,Verdediger
Ghana,A. Mumin,Verdediger
Ghana,M. Senaya,Verdediger
Ghana,A. Baba,Verdediger
Ghana,E. Owusu,Middenvelder
Ghana,T. Partey,Middenvelder
Ghana,K. Sibo,Middenvelder
Ghana,Caleb Marfo Yirenkyi,Middenvelder
Ghana,A. Semenyo,Aanvaller
Ghana,A. Boakye,Middenvelder
Ghana,A. Fatawu,Middenvelder
Ghana,P. Adu,Middenvelder
Ghana,B. Thomas-Asante,Aanvaller
Ghana,J. Ayew,Aanvaller
Ghana,C. Bonsu Baah,Aanvaller
Ghana,I. Williams,Aanvaller
Ghana,E. Nuamah,Aanvaller
Ghana,K. Sulemana,Aanvaller
Panama,L. Mejía,Keeper
Panama,O. Mosquera,Keeper
Panama,C. Samudio,Keeper
Panama,A. Andrade,Verdediger
Panama,C. Blackman,Verdediger
Panama,J. Córdoba,Verdediger
Panama,É. Davis,Verdediger
Panama,F. Escobar,Verdediger
Panama,E. Fariña,Verdediger
Panama,J. Gutiérrez,Verdediger
Panama,C. Harvey,Middenvelder
Panama,R. Miller,Verdediger
Panama,A. Murillo,Verdediger
Panama,J. Ramos,Verdediger
Panama,A. Carrasquilla,Middenvelder
Panama,A. Godoy,Middenvelder
Panama,C. Martinez,Middenvelder
Panama,J. Rodríguez,Middenvelder
Panama,Y. Bárcenas,Middenvelder
Panama,I. Díaz,Middenvelder
Panama,A. Quintero,Aanvaller
Panama,C. Yanis,Aanvaller
Panama,J. Fajardo,Aanvaller
Panama,A. Londoño,Middenvelder
Panama,T. Rodríguez,Aanvaller
Panama,C. Waterman,Aanvaller
